observation_date,actual_value,forecast_target_date,forecast_value,lower_bound,upper_bound,horizon_value,horizon_unit,forecast_version
20250101,0.2100,20260101,0.1650,0.1450,0.1850,12,month,Consensus 2025-01
20250201,0.2100,20260201,0.1600,0.1400,0.1800,12,month,Consensus 2025-02
20250301,0.2100,20260301,0.1575,0.1400,0.1750,12,month,Consensus 2025-03
20250401,0.2100,20260401,0.1550,0.1375,0.1725,12,month,Consensus 2025-04
20250501,0.2100,20260501,0.1525,0.1350,0.1700,12,month,Consensus 2025-05
20250601,0.2000,20260601,0.1500,0.1325,0.1675,12,month,Consensus 2025-06
20250701,0.2000,20260701,0.1475,0.1300,0.1650,12,month,Consensus 2025-07
20250801,0.1950,20260801,0.1450,0.1275,0.1625,12,month,Consensus 2025-08
20250901,0.1900,20260901,0.1400,0.1200,0.1600,12,month,Consensus 2025-09
