fin_version;fin_scenario;0calmonth;key_rate;loan_rate;low_rate;upper_rate;;
FRC;BASE;202607;0.1425;0.1556;0.13965;0.14535;;
FRC;BASE;202608;0.1425;0.1556;0.13965;0.14535;;
FRC;BASE;202609;0.145;0.1456;0.1421;0.1479;;
FRC;BASE;202610;0.145;0.1456;0.1421;0.1479;;
FRC;BASE;202611;0.145;0.1456;0.1421;0.1479;;
FRC;BASE;202612;0.125;0.1356;0.11875;0.13125;;
FRC;BASE;202701;0.125;0.1156;0.11875;0.13125;;
FRC;BASE;202702;0.125;0.1156;0.1125;0.1375;;
FRC;BASE;202703;0.125;0.1156;0.1125;0.1375;;
FRC;BASE;202704;0.125;0.1156;0.1125;0.1375;;
FRC;BASE;202705;0.125;0.1156;0.1125;0.1375;;
FRC;BASE;202706;0.125;0.1156;0.1125;0.1375;;
FRC;BASE;202707;0.125;0.1156;0.1125;0.1375;;
FRC;BASE;202708;0.115;0.1156;0.1035;0.1265;;
FRC;BASE;202709;0.115;0.1156;0.0805;0.1495;;
FRC;BASE;202710;0.115;0.1156;0.0805;0.1495;;
FRC;BASE;202711;0.115;0.1156;0.0805;0.1495;;
FRC;BASE;202712;0.115;0.1156;0.0805;0.1495;;
FRC;BASE;202801;0.115;0.0956;0.0805;0.1495;;
FRC;BASE;202802;0.115;0.0956;0.0805;0.1495;;
FRC;BASE;202803;0.115;0.0956;0.0805;0.1495;;
FRC;BASE;202804;0.115;0.0956;0.0805;0.1495;;
FRC;BASE;202805;0.115;0.0956;0.0805;0.1495;;
FRC;BASE;202806;0.115;0.0956;0.0805;0.1495;;
FRC;BASE;202807;0.115;0.0956;0.0805;0.1495;;
FRC;BASE;202808;0.115;0.0956;0.0805;0.1495;;
FRC;BASE;202809;0.115;0.0956;0.0805;0.1495;;
FRC;BASE;202810;0.115;0.0956;0.0805;0.1495;;
FRC;BASE;202811;0.115;0.0956;0.0805;0.1495;;
FRC;BASE;202812;0.115;0.0956;0.0805;0.1495;;
FRC;BASE;202901;0.115;0.0956;0.0805;0.1495;;
FRC;BASE;202902;0.115;0.0956;0.0805;0.1495;;
FRC;BASE;202903;0.115;0.0956;0.0805;0.1495;;
FRC;BASE;202904;0.115;0.0956;0.0805;0.1495;;
FRC;BASE;202905;0.115;0.0956;0.0805;0.1495;;
FRC;BASE;202906;0.115;0.0956;0.0805;0.1495;;
FRC;BASE;202907;0.115;0.0956;0.0805;0.1495;;
FRC;BASE;202908;0.115;0.0956;0.0805;0.1495;;
FRC;BASE;202909;0.115;0.0956;0.0805;0.1495;;
FRC;BASE;202910;0.115;0.0956;0.0805;0.1495;;
FRC;BASE;202911;0.115;0.0956;0.0805;0.1495;;
FRC;BASE;202912;0.115;0.0956;0.0805;0.1495;;
FRC;BASE;203001;0.105;0.0956;0.0735;0.1365;;
FRC;BASE;203002;0.105;0.0956;0.0735;0.1365;;
FRC;BASE;203003;0.105;0.0956;0.0735;0.1365;;
FRC;BASE;203004;0.105;0.0956;0.0735;0.1365;;
FRC;BASE;203005;0.105;0.0956;0.0735;0.1365;;
FRC;BASE;203006;0.105;0.0956;0.0735;0.1365;;
FRC;BASE;203007;0.105;0.0956;0.0735;0.1365;;
FRC;BASE;203008;0.105;0.0956;0.0735;0.1365;;
FRC;BASE;203009;0.105;0.0956;0.0735;0.1365;;
FRC;BASE;203010;0.105;0.0956;0.0735;0.1365;;
FRC;BASE;203011;0.105;0.0956;0.0735;0.1365;;
FRC;BASE;203012;0.105;0.0956;0.0735;0.1365;;
FRC;BASE;203101;0.105;0.0956;0.0735;0.1365;;
FRC;BASE;203102;0.105;0.0956;0.0735;0.1365;;
FRC;BASE;203103;0.105;0.0956;0.0735;0.1365;;
FRC;BASE;203104;0.105;0.0956;0.0735;0.1365;;
FRC;BASE;203105;0.105;0.0956;0.0735;0.1365;;
FRC;BASE;203106;0.105;0.0956;0.0735;0.1365;;
FRC;BASE;203107;0.105;0.0956;0.0735;0.1365;;
FRC;BASE;203108;0.105;0.0956;0.0735;0.1365;;
FRC;BASE;203109;0.105;0.0956;0.0735;0.1365;;
FRC;BASE;203110;0.105;0.0956;0.0735;0.1365;;
FRC;BASE;203111;0.105;0.0956;0.0735;0.1365;;
FRC;BASE;203112;0.105;0.0956;0.0735;0.1365;;
FRC;BASE;203201;0.105;0.0956;0.0735;0.1365;;
FRC;BASE;203202;0.105;0.0956;0.0735;0.1365;;
FRC;BASE;203203;0.105;0.0956;0.0735;0.1365;;
FRC;BASE;203204;0.105;0.0956;0.0735;0.1365;;
FRC;BASE;203205;0.105;0.0956;0.0735;0.1365;;
FRC;BASE;203206;0.105;0.0956;0.0735;0.1365;;
FRC;BASE;203207;0.105;0.0956;0.0735;0.1365;;
FRC;BASE;203208;0.105;0.0956;0.0735;0.1365;;
FRC;BASE;203209;0.105;0.0956;0.0735;0.1365;;
FRC;BASE;203210;0.105;0.0956;0.0735;0.1365;;
FRC;BASE;203211;0.105;0.0956;0.0735;0.1365;;
FRC;BASE;203212;0.105;0.0956;0.0735;0.1365;;
FRC;BASE;203301;0.105;0.0956;0.0735;0.1365;;
FRC;BASE;203302;0.105;0.0956;0.0735;0.1365;;
FRC;BASE;203303;0.105;0.0956;0.0735;0.1365;;
FRC;BASE;203304;0.105;0.0956;0.0735;0.1365;;
FRC;BASE;203305;0.105;0.0956;0.0735;0.1365;;
FRC;BASE;203306;0.105;0.0956;0.0735;0.1365;;
FRC;BASE;203307;0.105;0.0956;0.0735;0.1365;;
FRC;BASE;203308;0.105;0.0956;0.0735;0.1365;;
FRC;BASE;203309;0.105;0.0956;0.0735;0.1365;;
FRC;BASE;203310;0.105;0.0956;0.0735;0.1365;;
FRC;BASE;203311;0.105;0.0956;0.0735;0.1365;;
FRC;BASE;203312;0.105;0.0956;0.0735;0.1365;;
FRC;BASE;203401;0.105;0.0956;0.0735;0.1365;;
FRC;BASE;203402;0.105;0.0956;0.0735;0.1365;;
FRC;OPTM;202607;0.13;0.1556;0.1274;0.150932;;
FRC;OPTM;202608;0.12;0.1556;0.1176;0.150932;;
FRC;OPTM;202609;0.12;0.1456;0.1176;0.141232;;
FRC;OPTM;202610;0.11;0.1456;0.1078;0.141232;;
FRC;OPTM;202611;0.11;0.1456;0.1078;0.141232;;
FRC;OPTM;202612;0.11;0.1356;0.1045;0.126108;;
FRC;OPTM;202701;0.1;0.1156;0.095;0.107508;;
FRC;OPTM;202702;0.1;0.1156;0.095;0.107508;;
FRC;OPTM;202703;0.1;0.1156;0.095;0.107508;;
FRC;OPTM;202704;0.1;0.1156;0.095;0.107508;;
FRC;OPTM;202705;0.1;0.1156;0.095;0.107508;;
FRC;OPTM;202706;0.1;0.1156;0.095;0.107508;;
FRC;OPTM;202707;0.09;0.1156;0.0855;0.107508;;
FRC;OPTM;202708;0.09;0.1156;0.0855;0.107508;;
FRC;OPTM;202709;0.09;0.1156;0.0855;0.107508;;
FRC;OPTM;202710;0.085;0.1156;0.08075;0.107508;;
FRC;OPTM;202711;0.085;0.1156;0.08075;0.107508;;
FRC;OPTM;202712;0.085;0.1156;0.08075;0.107508;;
FRC;OPTM;202801;0.08;0.0956;0.076;0.088908;;
FRC;OPTM;202802;0.08;0.0956;0.076;0.088908;;
FRC;OPTM;202803;0.08;0.0956;0.076;0.088908;;
FRC;OPTM;202804;0.075;0.0956;0.07125;0.088908;;
FRC;OPTM;202805;0.075;0.0956;0.07125;0.088908;;
FRC;OPTM;202806;0.075;0.0956;0.07125;0.088908;;
FRC;OPTM;202807;0.07;0.0956;0.0665;0.088908;;
FRC;OPTM;202808;0.07;0.0956;0.0665;0.088908;;
FRC;OPTM;202809;0.07;0.0956;0.0665;0.088908;;
FRC;OPTM;202810;0.065;0.0956;0.06175;0.088908;;
FRC;OPTM;202811;0.065;0.0956;0.06175;0.088908;;
FRC;OPTM;202812;0.065;0.0956;0.06175;0.088908;;
FRC;OPTM;202901;0.06;0.0956;0.057;0.088908;;
FRC;OPTM;202902;0.06;0.0956;0.057;0.088908;;
FRC;OPTM;202903;0.06;0.0956;0.057;0.088908;;
FRC;OPTM;202904;0.06;0.0956;0.057;0.088908;;
FRC;OPTM;202905;0.06;0.0956;0.057;0.088908;;
FRC;OPTM;202906;0.06;0.0956;0.057;0.088908;;
FRC;OPTM;202907;0.06;0.0956;0.057;0.088908;;
FRC;OPTM;202908;0.06;0.0956;0.057;0.088908;;
FRC;OPTM;202909;0.06;0.0956;0.057;0.088908;;
FRC;OPTM;202910;0.06;0.0956;0.057;0.088908;;
FRC;OPTM;202911;0.06;0.0956;0.057;0.088908;;
FRC;OPTM;202912;0.06;0.0956;0.057;0.088908;;
FRC;OPTM;203001;0.06;0.0956;0.057;0.088908;;
FRC;OPTM;203002;0.06;0.0956;0.057;0.088908;;
FRC;OPTM;203003;0.06;0.0956;0.057;0.088908;;
FRC;OPTM;203004;0.06;0.0956;0.057;0.088908;;
FRC;OPTM;203005;0.06;0.0956;0.057;0.088908;;
FRC;OPTM;203006;0.05;0.0956;0.0475;0.088908;;
FRC;OPTM;203007;0.05;0.0956;0.0475;0.088908;;
FRC;OPTM;203008;0.05;0.0956;0.0475;0.088908;;
FRC;OPTM;203009;0.05;0.0956;0.0475;0.088908;;
FRC;OPTM;203010;0.05;0.0956;0.0475;0.088908;;
FRC;OPTM;203011;0.05;0.0956;0.0475;0.088908;;
FRC;OPTM;203012;0.05;0.0956;0.0475;0.088908;;
FRC;OPTM;203101;0.05;0.0956;0.0475;0.088908;;
FRC;OPTM;203102;0.05;0.0956;0.0475;0.088908;;
FRC;OPTM;203103;0.05;0.0956;0.0475;0.088908;;
FRC;OPTM;203104;0.05;0.0956;0.0475;0.088908;;
FRC;OPTM;203105;0.05;0.0956;0.0475;0.088908;;
FRC;OPTM;203106;0.05;0.0956;0.0475;0.088908;;
FRC;OPTM;203107;0.05;0.0956;0.0475;0.088908;;
FRC;OPTM;203108;0.05;0.0956;0.0475;0.088908;;
FRC;OPTM;203109;0.05;0.0956;0.0475;0.088908;;
FRC;OPTM;203110;0.05;0.0956;0.0475;0.088908;;
FRC;OPTM;203111;0.05;0.0956;0.0475;0.088908;;
FRC;OPTM;203112;0.05;0.0956;0.0475;0.088908;;
FRC;OPTM;203201;0.04;0.0956;0.038;0.088908;;
FRC;OPTM;203202;0.04;0.0956;0.038;0.088908;;
FRC;OPTM;203203;0.04;0.0956;0.038;0.088908;;
FRC;OPTM;203204;0.04;0.0956;0.038;0.088908;;
FRC;OPTM;203205;0.04;0.0956;0.038;0.088908;;
FRC;OPTM;203206;0.04;0.0956;0.038;0.088908;;
FRC;OPTM;203207;0.04;0.0956;0.038;0.088908;;
FRC;OPTM;203208;0.04;0.0956;0.038;0.088908;;
FRC;OPTM;203209;0.04;0.0956;0.038;0.088908;;
FRC;OPTM;203210;0.04;0.0956;0.038;0.088908;;
FRC;OPTM;203211;0.04;0.0956;0.038;0.088908;;
FRC;OPTM;203212;0.04;0.0956;0.038;0.088908;;
FRC;OPTM;203301;0.04;0.0956;0.038;0.088908;;
FRC;OPTM;203302;0.04;0.0956;0.038;0.088908;;
FRC;OPTM;203303;0.04;0.0956;0.038;0.088908;;
FRC;OPTM;203304;0.04;0.0956;0.038;0.088908;;
FRC;OPTM;203305;0.04;0.0956;0.038;0.088908;;
FRC;OPTM;203306;0.04;0.0956;0.038;0.088908;;
FRC;OPTM;203307;0.04;0.0956;0.038;0.088908;;
FRC;OPTM;203308;0.04;0.0956;0.038;0.088908;;
FRC;OPTM;203309;0.04;0.0956;0.038;0.088908;;
FRC;OPTM;203310;0.04;0.0956;0.038;0.088908;;
FRC;OPTM;203311;0.04;0.0956;0.038;0.088908;;
FRC;OPTM;203312;0.04;0.0956;0.038;0.088908;;
FRC;OPTM;203401;0.04;0.0956;0.038;0.088908;;
FRC;OPTM;203402;0.04;0.0956;0.038;0.088908;;
